failed_login_attempts,password_age_days,phishing_click_rate,risk_score
0,355.7871567441477,0.21114106977553876,28.757611942164154
1,88.13950110361432,0.2459410473558165,21.5414991039685
3,263.92094693058135,0.34892919053096727,33.54437783594273
1,209.47470215372002,0.20094559087992772,25.958161100544164
2,254.35756807655147,0.1378277084392226,23.72814646905407
1,235.04465051235107,0.07298551745332268,23.40784873887575
4,257.96323301312003,0.27237943769438505,33.52881568671008
3,330.5246726789425,0.20245967210140411,28.895338481693756
5,205.6663660628057,0.4082559108772978,36.85010841934972
1,24.76480575995825,0.0673607393982167,8.911940382759136
4,98.85128357311834,0.16928780889229084,26.577715248431215
2,258.4999278491988,0.39904007744068126,23.918597621899394
1,180.3372392111208,0.23241135857893294,15.99537018025722
3,200.2214736561857,0.19901470523344453,26.361881702718446
2,217.75186621380638,0.12066049904018258,18.546672018519804
2,139.65968463936804,0.42268093627073394,26.64815210056264
3,282.47186665706715,0.25674460401797583,29.08474987757742
1,264.0902326222402,0.2911948399747083,24.30044767437773
2,260.71928545048655,0.35020999634591754,24.856431411147696
1,261.0882135227548,0.2800762096166453,26.159373715039923
4,324.98067060380043,0.37928358932708783,34.57614666787371
2,217.31836449679517,0.17989498774068235,24.44738907300372
1,352.9813528163898,0.39927619720087726,24.155470257104792
4,43.505329802582835,0.045357147819968475,21.332981177703
4,230.6650264567605,0.3338126749609827,35.24906282808719
3,261.67818926656537,0.07487486843251723,27.25390635205653
5,174.18544999834123,0.19147449396516328,27.900007065409813
4,105.19606105678182,0.49845701072231974,31.433300885302135
3,200.76367023955115,0.10255229289017562,20.754087511738344
0,133.1329033061065,0.396919122189361,18.631801755126705
4,331.830285939753,0.14167817262811794,25.55632289449407
1,130.22923057463802,0.10106173479983588,16.761822557663976
2,64.13305233627712,0.18684955816677704,22.105916962776394
0,210.3820361603903,0.231254865676431,16.47757944533319
2,144.53729585383482,0.21721565007941393,22.180455720760857
1,35.00282285230697,0.0817593060664613,14.214627008514528
2,206.16745811423655,0.288824130806526,28.354012104016437
0,196.313940075481,0.14800210654761123,15.051545422048582
1,63.21693662111621,0.1646896557545494,15.414828352438033
1,218.13793167034265,0.32324272581031666,20.951171127641263
2,207.08602545798348,0.3911955682880224,23.944298882972674
2,282.3686074101807,0.25865158026119306,27.666610308029583
0,131.97302439256154,0.12309339786806119,14.69599605622102
2,90.79722613722834,0.37276335461501203,24.808404549129726
5,347.19525874433305,0.07013720120176,34.84591567051245
5,204.84439581571766,0.05893778818694408,31.919230328304206
4,9.90608499272581,0.05217772882669546,16.407328810537408
0,299.5597647007863,0.09297166830364981,19.794132679375423
0,71.81669223541338,0.23719400089933287,16.85715463982849
1,286.9032559407329,0.30978409233293436,23.203866014202003
3,257.3842859119271,0.12754823166446957,26.373023760108467
1,353.6170093560524,0.35958751182470344,21.764734473865115
2,352.4364450820021,0.03444850384211328,27.16007451065362
2,100.15987799935237,0.25585532768237423,23.92099173253263
3,279.75409714654774,0.10317612348117057,22.717775363278143
0,115.65210630967223,0.16753513468323997,13.907514154399673
1,229.65724767280193,0.1950203011430005,15.981621700245231
2,218.1773210084265,0.19780389228095788,22.575556408559883
0,19.9083832017251,0.22347759257051766,13.419523583723107
1,1.8913386899055147,0.08907820954407644,10.3885989080804
1,21.08386532710547,0.19095361919587328,19.16633320118685
2,46.698847349085504,0.10121828211120243,21.889952440400386
0,94.0431593419374,0.06440257379288217,13.086833192562958
1,331.03865648353525,0.2089647985899797,22.487610852226187
2,189.30092650154052,0.17550612578601077,23.776600977932418
1,290.8654846768879,0.039392274581009044,19.065934434963317
2,305.98378951913094,0.07213700391712947,19.38801522394878
2,268.2542309855475,0.044833495059796516,19.348554056204893
1,142.85557041350876,0.3885126720921181,22.4323131659145
5,315.3086787519587,0.059038638077533255,30.879102715213758
2,270.84815996213604,0.19815645476902752,24.606258903021708
1,271.25027684284413,0.1775122908859626,22.195115639980465
2,329.0746294154328,0.32783532707271557,23.89155050698392
1,218.51216744705454,0.03250093854378257,19.532165821343423
2,192.92966693619448,0.36116198849736375,26.453242749194064
0,324.90933352293246,0.2929906660254693,30.0161271534185
2,165.87853077993185,0.2426930016105385,22.25122053889071
4,296.22330405052764,0.2376568361326584,32.12329196125715
4,19.65392156235482,0.2423044968053772,34.2114348475909
4,0.47082972655757893,0.07146064683215694,22.163825713348146
0,192.82675870559024,0.1621962846610232,16.89756924950422
2,26.868341242978783,0.29777033560290356,18.829778188268598
1,356.4381999103682,0.2600665421025903,29.544927212937424
2,2.007928524526552,0.20157777747188993,15.79598713887051
2,262.1246173220059,0.1250927995213872,24.150803886933616
2,88.83541396197054,0.14290486546623848,18.357044490105274
0,353.1564819243005,0.04561929215764028,17.40750669390475
0,139.26270247918208,0.2296511730972594,13.106480705698655
0,9.95845058631078,0.07218818856259215,15.672314448179744
3,9.831554374205696,0.10914279999930214,19.20980936971428
3,201.98128067951134,0.025433444660995272,18.44117569712252
3,360.1498723464176,0.07596711612250721,30.094362234682535
0,357.6173402916876,0.11128960728220579,17.865728512365955
3,123.10463488558202,0.057220562691137164,22.19615667076325
2,176.1868319539474,0.3581761518907375,28.56968497518753
1,36.66636911620288,0.030252717171689272,15.275611076066648
5,190.59455243698207,0.11549813827482529,22.320692508426102
2,218.8910836526197,0.06861601208111398,22.904828029689153
1,91.63750794813218,0.17589986610368005,17.6368561260927
0,223.42176910903842,0.2431097310503287,18.343543912777342
3,328.38785436913264,0.17762475950501366,27.55946456981478
1,0.34869669957039384,0.26768502950505585,13.164418657021805
2,83.56082762239974,0.4048488397321948,25.749554930809495
0,76.62064061323741,0.029369637308830365,8.026631437313426
0,45.21846410734686,0.17392123009914104,13.525274755459865
2,60.626942649042185,0.4571695291465135,26.281892259672254
0,228.45807905836648,0.07127920485900126,19.216856942310194
1,37.48345240498456,0.12342212458453315,13.320983122503476
6,269.5640372925634,0.11548197233208189,37.40212822502712
0,323.76324555380995,0.18261994008891366,22.968223473399913
1,338.2045193251047,0.09970407817344153,20.019794761586038
4,240.9641722266908,0.22046155096171993,26.343189766483842
2,72.04968988126984,0.18320276260585272,15.95680326565704
3,31.133250072066378,0.26826265333706806,24.705573602787705
2,84.68910813955486,0.19339282975785416,18.543179139083595
1,351.11437281154053,0.4418695510736888,32.178683669086574
0,351.25599863900993,0.08818078250704506,16.750164133436293
1,139.40039263019486,0.35582819702062024,19.880472951370695
1,118.91391250060597,0.0564691461727126,16.736774800285666
2,186.15386252455886,0.08674595488482005,18.486601731594128
0,106.46615338560126,0.2503702620538602,17.162378288895642
2,357.5767948542806,0.09471317199121206,27.09848049907663
3,80.74580735897075,0.21751963901280513,24.143276380960895
1,134.73707899671052,0.11704862583528199,17.957131791665663
1,156.72036963056507,0.059786479762249344,17.47547035446267
3,45.64836842462419,0.183890645127497,17.287319267877493
1,139.7310617710974,0.05718636077155475,17.64245488103029
1,312.70671283722027,0.13025279194817757,21.904111221859736
3,51.23176553171683,0.13155121435587994,24.031678400236018
1,213.16801205155835,0.31902850262055604,25.12087694816392
4,148.42255539190612,0.1715680168669821,26.13710158409518
1,62.24590503287098,0.37518977076907456,24.53348707595552
1,4.502700023960125,0.11569863856771327,14.083983998279164
2,99.77030577381358,0.40719846563875517,26.288045206123247
0,22.5675706547707,0.23830208854561272,14.2839448925696
0,137.52049202330835,0.11091708497043781,16.354024954644558
2,295.72659733026114,0.1012079490468935,21.9104295286767
2,262.68512022032854,0.17892600836505496,28.95380340689743
1,345.7950547711449,0.2567142197149493,30.730630811256276
1,155.86062732803023,0.08867174727413607,20.05679812823841
0,258.34751048602624,0.3625821538716545,27.0424832353957
3,242.84972856723738,0.06301544998069489,19.094183303352548
3,79.22190065276475,0.04463179313008594,15.77988833552716
1,110.80761440992036,0.09921262431979266,15.785329386860518
0,193.3877796901825,0.43258116149316705,22.643071719443622
3,290.7799214371615,0.1286768701548963,25.4875288827745
2,168.5616480789704,0.16190801120148915,16.844895447911824
1,83.12566070406746,0.333478959864129,24.453607010266936
5,362.614976952335,0.1740293784420282,40.13055525406315
1,42.18626431908899,0.3703175103102045,24.77819728525884
0,348.89945123433466,0.08773034199775695,21.989165671001246
3,295.3018952771284,0.3216101857325075,30.99901571422829
2,306.19613454736594,0.21421726582209907,23.09349316102999
1,290.1449178283973,0.006765874099666899,18.659182933519016
3,75.98239357618702,0.2066388214143913,29.77914664245767
1,230.89256774926326,0.12466751030253505,18.617570978666066
3,276.2136815445901,0.16955495512675695,25.304833422645252
5,272.17531411710274,0.08487574628790948,33.17512155113176
3,99.12136024858832,0.3291746089680291,30.080739450021177
2,66.10857653374372,0.4300823226945267,22.810194889935527
2,119.76488912881045,0.08922974771891189,18.48466864496109
1,175.143235337748,0.278414262391463,20.204640598075645
4,209.42997267824194,0.15292850656536977,27.762094735186245
2,305.48688224649356,0.11755279518097564,26.889406356584843
0,280.6974931121849,0.20203776240488752,17.242622546957172
2,246.79494186827839,0.18564538471281816,27.103446353045555
3,96.17359192410761,0.143572329629732,22.815230672285313
1,174.7913821112543,0.337081492989367,29.884574657449946
0,122.43409405670579,0.20140705182986446,17.433315570844023
1,85.74878553594496,0.28396516703832586,19.74550592611678
2,3.7395565399699997,0.2088998609607698,21.185832392323544
0,123.90361925830207,0.11345238794432164,13.735681430390844
4,93.48243771583684,0.2314159639918666,21.574980592082323
2,208.74434934288809,0.17442852498237507,22.116322488674342
2,22.740146153554953,0.3842051813317529,22.754230903830237
3,98.73965279922339,0.30784704285217956,21.31655209565689
2,16.3408638457716,0.47994114164050083,25.186475681982472
1,234.11753514740417,0.4013466242289847,19.20862582581408
0,207.38918887754807,0.11848295448061329,15.474382361696788
3,123.18020842218273,0.0873254233991263,22.57188874765889
3,53.77712915897349,0.04514940258567326,19.837243270186143
0,349.64073896058835,0.09845336935069604,17.728673747565235
1,213.3032432968439,0.20862363561809516,20.786258190263613
2,247.87637879880478,0.19096971470011262,21.615698272244966
2,193.94229494334994,0.06565754828462124,20.29010397111165
3,294.38463539086484,0.1962804431821104,27.781981456007983
1,327.1787180850643,0.2031643880569599,20.507694383164434
2,139.68934841313487,0.18530792250622422,22.488350942420702
2,251.85923896417287,0.09971170843124794,22.915488621581027
2,83.90893185943489,0.3627642289354556,23.79759770409005
2,237.92709221414404,0.14959234361320758,30.163122169020696
0,145.69180494144172,0.1483371756496623,15.458472451769156
1,2.4752837814763105,0.07656124439259672,13.281308449558704
6,348.7676719742566,0.4842827274396143,41.84667684297307
3,316.9811641216324,0.22248401694265338,25.710211977470497
2,106.15534087630037,0.11452550092496297,21.585834416480438
2,364.1814196949941,0.18296874854785075,24.067231209346396
1,115.75160121313496,0.2376086493894683,17.98216489575354
5,167.4781280575623,0.1729810085910506,28.12691057583409
2,310.7095445536622,0.26811324422787,23.889738472312978
0,111.17766823473491,0.09717270058419517,8.913757378744432
4,164.44720380143752,0.12338667820424258,24.61463139504451
1,242.93931599998825,0.2213963644371196,24.51741772909759
1,47.6206574919363,0.3788595207808219,21.809972742241307
2,154.15788457247697,0.12215120703231105,25.330058849692445
3,112.93462713699367,0.19393788690414507,26.18122602614654
3,247.02262164065857,0.2572824092397294,29.543918662289485
1,49.6288273720357,0.1571252103544447,22.36159042766498
2,84.94698987184215,0.05954078068772079,17.657859406869346
1,259.6523143696562,0.5666877313758755,29.499371801113426
2,57.0218949493019,0.08554220745704563,17.90243099060358
1,154.03703071755976,0.20774186114784401,24.47080896143265
0,260.2014635638059,0.09950380201917709,17.201651261036933
1,279.3959603169519,0.16168112568189313,19.457550160586536
3,34.631630215158985,0.17447268889224185,23.706822029374937
2,310.97839743810954,0.08442032597418107,20.54361536104891
1,264.2498899124377,0.07532215222168412,20.929516456635053
0,123.84252487305952,0.12176540368754178,16.15368137363753
3,278.7880411005376,0.16092383074829458,25.9674151796796
1,265.8290858493405,0.3219572238801409,26.11413952279018
3,219.32529767556073,0.0898200362879564,19.354266942777222
3,203.8456282931332,0.14956198651329014,25.281381639873363
2,268.1667734483487,0.12727666281484765,21.647849234078578
1,364.7298641224909,0.18970032268465256,32.270244629338755
2,211.17157100029814,0.33336614126660047,26.6915955955252
0,295.1820231932205,0.24702627450380152,19.05498980459013
0,271.65990682018776,0.1340257452473785,13.978807833192079
0,312.37006674234635,0.2618228113742411,25.400076152714547
2,348.4015744052105,0.058329944766752136,22.142862169634668
4,70.47537072319754,0.1309170343556484,21.915625969061963
3,60.39276728421745,0.25798414084858484,25.263412015956103
3,214.0184173714388,0.2381980910546984,28.850783799321754
2,163.99269795357412,0.1363791923937041,23.045675798967856
4,208.31378291549677,0.12913021870597463,27.06639173901946
1,291.28559808721064,0.05363617273104245,19.90282391339074
1,340.07578521797495,0.20916437412417666,24.28549660094723
1,152.35677619747372,0.06741235541209635,17.93827760678407
2,262.0454156234229,0.09039973366336776,23.41395830710363
3,71.83170356211443,0.20592652366051153,26.647412583859925
2,195.1114615144011,0.4585517633837507,28.701060847424337
1,7.958743889889773,0.21531567436314625,14.62273640475121
2,183.8689570035804,0.1793769172026532,22.011419292015223
0,199.04780758080744,0.03901469034392409,17.02259241469962
2,268.4375475590909,0.1253332729030251,17.641165806990806
2,237.06194842555198,0.49963514333006726,24.89132039232657
2,130.81480802161755,0.17264659820760936,23.996703086969124
3,2.091778760289283,0.31771016487526355,28.932972570577935
0,42.15234387237636,0.201578646736249,11.079019707114087
1,355.1671385338701,0.2124165246767236,24.25925933904892
2,336.65160278508665,0.32228903686013644,27.302466491013554
0,118.65900452461804,0.2672706757766723,16.936103269300933
0,94.48132307221901,0.01684323549658418,13.14308419764531
3,159.29194719686367,0.017532650853693387,17.184180250259434
1,251.82811080840656,0.12517571699506475,16.781011913089756
3,130.2421005201604,0.38996200956789245,27.58527169734922
2,24.562254421871774,0.22571201957353118,19.795070705799112
4,147.0202087422047,0.20287460000050858,24.02578005780277
1,95.11498298572265,0.13525056426334592,19.543879251480597
2,118.5994540920923,0.09177295162837264,18.04653814670457
3,59.479394712366116,0.06701148066103066,18.864881910258944
1,240.47662534766133,0.49504334958886986,28.305897544214762
0,192.2202906345071,0.1457736541999118,16.373154068485878
1,98.86503781280432,0.0899648160362795,18.834009923717254
2,202.1598056767781,0.15092531392749758,19.412360092611014
6,179.8383642160419,0.351510990215594,32.48936026808908
1,290.5308226466002,0.30516091607943213,23.637052541164536
1,348.9342583091736,0.41167190508297197,28.098667739189434
2,47.694735777209424,0.1437968480368925,15.25136069202637
1,322.62841980141377,0.2741612191999865,20.409612704527223
3,257.25088247398924,0.10847614989475979,25.524148219231076
1,252.78204403373525,0.23492665524848133,20.098295611323685
3,136.61982745700237,0.056791703038569445,17.095883013448532
3,125.52649134469617,0.2699733174968989,28.710980030019435
4,2.0584119602186943,0.5204361716755557,29.59537999728532
1,358.50477924261736,0.11414500016194863,25.459502899768367
3,221.3746288161628,0.060839851330527904,23.320961753257887
3,146.84994773223278,0.5652371829149102,33.47387497348114
1,198.47561999064519,0.32669717981451774,22.532305347719955
3,14.792367445135797,0.19744510460480602,14.075430364268952
4,63.38259868145913,0.39838367194768604,26.621733283317162
0,227.52637261164193,0.32227037063525654,20.618806485781796
0,187.7055313345213,0.13568617142917444,17.56202146715203
2,287.2823103685861,0.0802616798603047,17.062119417273756
1,240.44108201254804,0.32534655439050625,23.817620881674955
1,219.5240217324763,0.07528994920787334,15.067132131768831
1,297.5719820714394,0.10887749817669268,21.38728884931995
1,24.91603352644373,0.4554156147976407,22.276138416781038
2,252.17368069741912,0.09445838146065702,24.257604431910902
0,261.19061035049066,0.19048868689107887,22.234054735393947
0,100.43469563320402,0.41852241355595915,21.756111881605353
3,71.41211731789896,0.03815907269027935,22.32984317611071
2,78.0561535414397,0.36392970403274466,23.15261942774492
3,72.32141515267789,0.03782857312123011,28.229094858961442
1,191.18049967981202,0.1370526287111615,15.476731592690406
2,49.503603648527395,0.06086667838478388,15.685004985323047
2,240.6393394180629,0.17754383818616962,26.2452831385115
2,38.353564516300885,0.15907016812799837,21.365708735596957
2,9.814718713243513,0.058814083807511845,17.893557191649663
1,116.54093849274295,0.22166823177798303,21.400973495282834
4,70.02879916255999,0.07021979736810358,16.69474006153136
3,360.86165022468003,0.2558638308054037,34.98620145042328
1,110.59364972528435,0.0983809001380497,16.11700857073586
2,81.05339139931252,0.2383527346411611,25.364157802263193
1,71.82098557721332,0.047728202154331364,8.814268118804192
3,136.45631025327395,0.16899489786808006,24.632222019672774
2,221.1348467960259,0.09933533686899247,19.818232172734817
2,285.4100253918931,0.127318177040936,25.09824268044143
2,133.07033042621995,0.22090554953598265,23.25163450618657
3,228.47940771561812,0.07114035754466173,24.697249234020127
5,175.95186287197643,0.020115829998943967,23.29481836772129
1,308.97080138249044,0.016422691760217947,18.845173846278445
3,207.70024866282884,0.15464921646743623,24.43846198351843
2,105.81046023587155,0.3021275602634504,24.946818095372187
3,256.8093488700634,0.2973714546297202,31.997564238240653
1,299.32353812839347,0.3506241339921349,26.12569327543248
3,169.88583971884725,0.1359139925325793,19.991350768661604
1,360.3269921920464,0.47970356448864876,29.863199344558534
5,320.8703609048294,0.4069728923075312,45.907525980243825
2,71.88845442790439,0.4003377375453391,29.782877557973567
3,287.1658933370266,0.09960247406886226,16.461572370947973
2,219.34720418766463,0.35436435740420036,27.018625050326037
2,195.20612369985966,0.21685117093482253,26.2543556393945
1,187.58758410154246,0.12308060107786652,18.227922966423176
1,311.4950671155866,0.3974896077968063,25.498165541714613
0,222.96856794975872,0.06855227921587273,15.029524298062162
1,196.2626845446128,0.06774159443088243,19.4705248330293
0,17.833865966687913,0.2542652458929379,11.99657231406749
2,163.63054746187345,0.08405522614128842,23.603836653032637
3,331.4351701466103,0.13732236391201746,26.913155251946375
1,259.7839062107859,0.12718915947553247,17.497983071129486
4,18.598201990496,0.27670155074423,29.832448640379067
1,322.6571829851304,0.4443309366285343,23.426535145252636
2,301.7335358026247,0.2459097830415117,24.53314586891949
1,199.5397372228777,0.16881650096588763,18.236507818402757
0,8.17799479153274,0.1604157583209702,19.80370087695845
3,205.28681058233724,0.16687697455425599,23.138528858644918
1,19.925003223145527,0.21065451844917443,10.752022031170672
2,116.93832026768035,0.04689183314783996,16.57804955562082
2,229.5520108994997,0.131505526384778,23.719307314284666
1,333.21327561699366,0.08485413484717386,23.25602891645775
4,130.59540759970974,0.13393062760073102,32.388001039538594
1,313.90868075246044,0.22901371695498218,27.693647525583984
2,335.20176879618845,0.21433982034707907,26.768939384957886
2,7.6810163669197244,0.4112140029586922,21.1148679867466
5,87.391160779674,0.2871657729314554,35.581135400593304
3,259.09973921803703,0.021352418356607717,22.035381128049114
1,276.2477107240352,0.22920062806270353,20.749095381122313
0,143.23215032922474,0.3642864610556242,18.899150821234766
1,239.71543366209207,0.26810242141859086,19.033543595632526
2,223.43789533714283,0.2993355063135313,24.359743265814092
3,270.01786098438686,0.27100239925665054,28.027583813770477
1,262.31032612696947,0.3240978034538752,26.582181310780186
1,31.34284126648189,0.2185323156443878,16.44250429073653
2,57.76131604312224,0.216365530618443,16.896524738334207
1,48.44540874965034,0.2940225631052414,14.685054252880358
2,340.3552254926289,0.12709563517648917,25.104822091128195
1,333.44306664884107,0.10461520391860887,21.531350573715976
2,291.05547840289404,0.19050289463380016,23.15873222172818
2,42.60227464672515,0.14776627227172634,17.552767829164544
1,209.60908652064884,0.3398508600981332,24.824585160822217
1,68.33917852279576,0.4588123170388197,27.444074830819762
3,134.46013720896292,0.08681771672845437,19.715349901409066
2,97.48831597265573,0.025227880829454298,17.74626032551795
2,302.55980824292504,0.09062174096763782,25.829063937194867
2,52.72476082453473,0.10765985564993645,15.987009314547608
1,235.85539654267765,0.43191875735611274,26.024546112963947
1,359.1215522783009,0.35801352949658977,26.90772159098311
2,250.7749228875762,0.07635147000155842,17.684993622653693
3,28.92022348754029,0.34022057126350147,25.898643136212954
2,331.36506821632156,0.1265399296421773,24.379273922625448
2,234.7240823567026,0.11428135666132312,23.759642885810013
6,166.55350755589927,0.1109159478043904,27.321477526636823
1,240.78775466750827,0.37617750260385313,25.05730505251283
3,320.8511806225125,0.14563092020539817,31.193290587833737
2,174.151438189066,0.16672102512085168,28.216669787056063
1,193.93234122646368,0.3108007312005563,26.590449621055505
2,165.14330071455302,0.06671357064861495,16.172636480961252
3,26.495870608137807,0.09680541857273949,21.464391957607535
2,287.28059632848584,0.048064381293583605,20.305524208851633
2,46.140286429271214,0.10349599783233829,18.94792346245429
0,144.01805375523327,0.053945546099515664,11.64262187976421
1,141.19033864682115,0.1847222284884082,13.970192131391894
3,102.21488911165935,0.17042676298509907,22.17492147031332
1,146.9151009514627,0.08927034162402046,19.43615211215172
2,225.57332528958642,0.03148790104775561,21.03671169421603
0,113.6563689558148,0.07888791069282577,15.059729172715873
2,62.9668572598709,0.3279621377116741,23.795593006080708
3,317.3191413351523,0.1647078170496317,28.60118331780726
4,354.35391719785446,0.32093427082988973,35.736167579474774
1,167.383095714857,0.16899597904129576,18.488035197779848
1,119.36219500577383,0.24327312993822342,20.123014748107906
0,17.330958389053706,0.10577708659290325,17.691936024248214
0,13.450812322669394,0.23652362025460424,15.42558173854889
2,143.40192841057174,0.03494162124302712,18.72950310367676
3,339.5383366798525,0.36063682580535156,32.35311201009131
3,266.708618341571,0.2503862531500907,27.563751254609713
1,127.48333788783287,0.24617704285194356,18.790228245059087
3,353.33694519145223,0.08268113618662723,26.970418904937823
0,156.49663468834171,0.2399655086957529,16.41209726180444
1,101.02935155074569,0.16100261905716978,17.384595933255248
1,155.61893432439038,0.10085827423094341,15.308429188643288
3,77.21327784909896,0.22216276825176146,24.144800487997806
0,323.2581511232904,0.075639032782489,19.730528510643673
1,131.82825830245696,0.14765693277145514,17.527787708131225
1,240.15867204042732,0.027323005618134603,11.838159745312359
4,142.0022275719147,0.354162770937557,32.40274014423096
0,329.1319675568463,0.17809788100713558,20.50514849955892
4,234.468974376205,0.14760523387742663,24.957000282787106
2,178.2119399526743,0.2362121519534036,25.844504717044778
1,48.23218375118855,0.3199967393017272,15.829301228561636
1,329.1995819410546,0.08188880385218675,23.898934963764326
0,199.58815691919636,0.28706635037348693,19.560990286912027
0,104.04433513091739,0.084966222830217,6.973615933090697
1,320.443315513097,0.24294185141503805,24.424163026059936
0,19.870755998958845,0.05823609021295395,10.34355981996545
1,114.63807482529366,0.03994885068977268,13.941165060176804
4,195.94236643878386,0.06701090110365415,23.17990986868741
0,124.03223265580196,0.1137266012922933,14.373529306382288
1,174.0080032132831,0.2558427552593678,19.76937050358128
0,96.47543210080912,0.16135864383295145,9.586610789110056
1,47.480328190507464,0.26443615172936424,22.68675133429373
0,13.451760595150876,0.11760959570985614,11.888154158214725
2,57.54099619293179,0.1132235886455499,16.332710237780393
0,347.8254776190563,0.3108899015016744,19.789036534778624
1,210.02214366790952,0.05148479266474397,20.068077325344206
3,178.4704457264523,0.15973094700422624,20.60832836783033
2,140.27820134658361,0.10173088368756655,20.34387448994447
0,258.57335328393566,0.2218417349640818,17.857354759339604
2,51.55970870572407,0.3622994259033152,22.063223136397106
1,100.78740169322217,0.26649104769324494,16.668135918648264
1,239.40427367726977,0.0984436535987647,17.44522207475509
2,174.8584930736082,0.05487243191535238,19.67592810621514
0,281.08377672006736,0.16831399755623774,19.693892164573082
2,327.44509304417846,0.32137364628618903,25.9409709890446
4,300.53099585028946,0.16623504498716493,29.394987699411175
2,67.23581570516718,0.1274085185889719,21.68565849738302
2,33.38663596734716,0.17130217033176415,14.277192625466773
2,61.845819198942706,0.3492920208037595,23.553241900082224
3,285.9887024340842,0.05881662989739567,21.63197975526917
6,333.54834766483935,0.30731866188820794,35.58124366037598
1,337.788836711908,0.410068950476012,28.445224757990704
4,108.84876312021264,0.3746122763326187,28.78269093571918
1,306.7246029749488,0.2142178490646967,19.375548586619956
2,195.72597028306527,0.11412308657392697,25.283953799923733
2,300.31902464709566,0.3360943968593284,30.824631369983297
5,200.1531674687004,0.0991355437774702,22.936695215289582
1,53.251025219378135,0.013829982981705785,9.425250771506327
3,28.915136141680556,0.23016786331731673,24.80728299811197
0,349.38498946140896,0.13959588000424222,18.924995890200616
3,155.41793309752632,0.4543320561427985,34.87822180208556
1,127.94003538752101,0.09148119156179842,18.783174330390317
1,130.0506259404333,0.10757676769261307,18.20473282806923
2,138.3110601885473,0.377634851631848,22.630965012563443
0,344.92384218143343,0.15806073589289152,21.534012446079913
2,22.88717440215919,0.22092886173572304,16.269957720241965
0,43.45736989453919,0.2863074006692287,20.511029011505563
2,288.22280315087494,0.10408173181355315,24.216588198156842
1,200.53446433915065,0.2752627483447734,19.67908389757809
3,46.91591665574747,0.12918519405449408,23.629832289683513
3,12.577949924092774,0.1935599155653483,28.637671850545846
3,81.845537121918,0.291337774166093,24.747821587581008
2,95.19591926424894,0.17964114184605784,22.32762193312607
0,5.187755794744326,0.23144715265683688,13.437210209958618
3,78.87304649307559,0.2506994859968559,24.723556531648953
3,269.4864119876259,0.20698908205334904,22.81828982380518
7,312.23329671750633,0.13112155168634365,36.82443385846161
3,327.856077865947,0.24297475755421372,29.41181083422637
1,142.31862191489336,0.1879912313503584,24.597186011514456
5,116.58600995479854,0.17766520521937632,23.44417797842189
2,364.949209595879,0.2798651800259024,27.333502595138192
3,280.8092645863799,0.2894171852053077,33.20300642713482
2,196.13350953125735,0.17906634457483223,21.957748939300355
2,92.99157293162976,0.10533266906317933,18.55779291000437
1,117.27649030306321,0.16661838159001552,15.761429554010057
1,188.10798732272633,0.3275160999405738,20.178423654448014
1,197.86026572362397,0.2579529752752408,16.26768001011546
4,4.992705159892404,0.36212645924989,26.178990463762965
2,350.1810311240882,0.49198543849755766,29.3672496655941
2,210.09628028332068,0.20601738379703707,23.882407166375412
2,215.04275920933367,0.22604143741767183,21.684720762686588
1,77.18696382014402,0.16125284914449312,15.91064972871947
2,279.22032026245546,0.4775850133356815,29.257075506125435
2,269.1015498335226,0.5884110233478886,32.59416694010499
2,34.732660292738885,0.18732986204948868,18.043013539679514
2,217.1729458748709,0.12085198730009379,18.69599238098799
2,240.24071704540614,0.08149030216087387,21.77341001812999
3,304.98238371946525,0.25374102683721744,32.257529400183316
6,75.22328030496439,0.17370854803363922,30.88516079824531
2,320.33670083433816,0.2903509205736353,25.674642034017236
1,168.44059117327242,0.16189293700575094,18.81817781680247
3,35.23112104656035,0.1726138613116515,15.763922128062099
0,38.55174585146972,0.298118126778382,16.31518920398044
4,72.1986255907069,0.2881889988570793,26.583067379398464
3,103.2040076846376,0.23622240202306782,21.842480723169174
0,181.18811862782687,0.43967676063060845,20.161002528172805
2,273.29418717676435,0.19127173578239431,23.251886690346627
2,68.15495423709278,0.18627562055426114,23.252261944400814
1,362.31790499233085,0.05743320062557051,24.19991996301109
0,58.955505096164096,0.22484735625047317,12.891681742259312
1,218.77295821858382,0.15789925764265317,18.55816182631589
0,339.06325909303905,0.08472047287720741,16.997904767539193
1,303.8652093500419,0.3191679824254319,27.548884373372566
2,236.47955860705335,0.26805826144849737,25.795334320454366
1,261.154943828678,0.5593228973992914,29.46758786118216
1,48.98505374745797,0.4259608528668045,23.82068639898222
2,3.5270146224906043,0.018958944768759884,13.679437907360974
0,158.46430629153605,0.28716982733277213,23.004342395548335
1,32.67440811348062,0.17349077816392705,16.70481514236951
2,130.57968509818087,0.033326220142072586,15.743706986371404
0,81.66611965295422,0.10581683678419915,13.06073839734955
1,334.4665536689711,0.17105344954202956,26.391711761614644
3,321.220439637941,0.4310715853657924,31.91702147017204
2,298.9141397138181,0.1557179644065525,27.097033443948455
2,260.58966892110544,0.10322089605966973,20.50339481736061
3,56.236254122969854,0.036837486998091674,17.119739962586447
0,17.654110562690324,0.0699373895956667,13.730622234950015
1,238.66906811696276,0.1691978063486486,18.120018710549328
1,234.42422006891124,0.2459503505795588,24.698087338744266
3,134.83986393538555,0.05679289905517236,22.472722605463968
3,172.53063324899293,0.18525671950313494,22.312850330894484
2,178.53952670686613,0.2964711724735263,24.582356924098374
0,87.57376845247482,0.061115855020949454,11.327469597789873
2,114.67081334626884,0.26325101038988014,23.868617155120038
1,152.71218745217809,0.19892358090732762,25.295571892510036
1,220.16034591773027,0.15852719915902955,19.040900692452443
2,348.87401019634825,0.12154225986563794,26.131196482680885
2,196.5468824744496,0.12265711930114498,21.580059079815587
4,266.8748269832686,0.3565273690402634,33.25327176774071
3,294.5554023743769,0.23255628575031595,27.89545282892476
2,41.43046427762206,0.44976394611321874,22.701399814875373
4,238.39050365718845,0.23676936313754807,30.98215591001719
3,175.97041289286494,0.07353718472707231,21.73423247973119
1,208.93729392048064,0.3490937792577777,21.12076810197788
0,14.022181555701275,0.25398183481236575,18.402600114106235
1,330.7687438397956,0.4262770880197219,28.15108404930724
3,347.7662145950393,0.20717313808741278,28.22524988875044
1,1.2709021448832902,0.43000097193471154,25.360607811798143
2,77.66893109515146,0.11166611696081341,13.390122471481117
2,65.77087340376674,0.10704163049981462,22.381754119758707
1,285.17614880714575,0.2517881165953924,20.724615518939807
2,218.29922157581439,0.12669222302958938,22.661118733384225
0,64.72678710330707,0.3668573534574359,16.867491548852726
3,297.09939869138407,0.07179735878267872,22.216628066298004
5,129.01832820909817,0.06541723541360538,30.493913938893392
4,168.21275984698235,0.14014019526216953,32.01598919489324
2,141.3669109420356,0.04981465167643553,18.209768952092624
3,190.30377535104878,0.20871368885927835,26.799843924078342
4,175.25200112248476,0.1320486080777499,26.58108315514769
2,100.22316097179157,0.0530517201537729,23.310069854723622
4,154.9629536852517,0.013111857263104132,17.04826859113272
3,331.54305969681957,0.12659429143812562,27.984008783666752
2,183.55635981492446,0.003979978305137561,16.573327798274576
2,334.4810398041671,0.09924997603836692,16.70597822847551
2,200.7963724535571,0.2637645444382292,23.473392589986233
2,280.618312041418,0.2648563246198239,31.718495430576322
1,107.16082802579521,0.34982257004872896,19.84643167531365
3,288.5009238662089,0.16855688716505218,29.266288071066636
1,96.47738873951974,0.26118521965567815,23.379861368921897
1,7.1357396496851475,0.061984493529245975,13.875306502484678
0,58.66606425985796,0.22850829254805483,16.104853991392133
0,7.903299386693444,0.26571928267175593,10.323557921545653
2,345.6778642903715,0.11577528040073592,22.196346584704944
0,364.9916124524584,0.30487722521314264,26.118399626302008
4,278.21404622112505,0.13553206419237313,28.728023627765914
2,39.466779769329484,0.19277399014559415,20.939613712775113
0,328.11509302141707,0.02809943524504375,17.52376330437837
1,271.4783068921281,0.284638082256997,30.340658657000297
3,121.26924812176208,0.28316010768824496,24.721767784166705
1,183.3314378102602,0.15208684865793126,24.100639282651727
2,241.54215956061864,0.3588478122462998,27.76715691500487
2,8.778423620744,0.09529472140209817,22.259354545601337
1,183.06243291646174,0.3006959875199075,18.65058213471289
2,267.32433313806956,0.10899545858666189,23.189347915973872
5,68.70226074216147,0.29688272993171977,29.372846286536515
3,161.98355931995656,0.10213249094962493,23.353936749366184
4,194.37349715250065,0.10532877827575818,29.87183185311508
1,268.48136076511975,0.04930055024678468,20.016717311435315
1,352.02560443948425,0.12540637458165924,25.772490837794514
0,309.6205750215664,0.41514733454625286,22.484694911534547
2,226.8542233839318,0.04358309156607348,17.983826017995028
1,213.0288463147054,0.040737231268067935,17.6440053867013
3,220.1631429715248,0.3291324337453788,28.863653649782883
0,198.99020457081744,0.35959215055408006,20.61406899602537
2,21.6674512945071,0.14829779701966195,15.671707586290987
1,254.87818402469483,0.03503743171432628,21.911785800193254
0,261.4629320473051,0.09144988526524482,15.969744744350537
4,187.05533222746502,0.12218202493647304,30.707345559789754
0,317.6914759719282,0.1672543923596718,19.737147462244174
5,245.43943300618764,0.14756317690904838,32.674246933019475
3,132.3726001178112,0.04631136141713202,22.816275201715612
0,7.188439063501502,0.3376225060892608,14.423394682002689
1,21.594000971653227,0.1327741267046895,16.755358381536666
0,128.406365499252,0.11137944287419607,20.580715000870278
4,168.66844369751925,0.10906424254837475,26.527618969315697
2,60.90795862057514,0.04573398800294281,19.882403139152327
3,69.10483184426072,0.35862272800898565,28.672300822854965
5,84.02714595445775,0.061192566461372715,26.478524639565002
4,284.8873689453395,0.15904218421054633,29.75611158471305
4,281.5200619473966,0.314713238272364,34.19603915830385
3,139.77272967602926,0.054707159286223786,23.761506157601236
1,62.912999278304476,0.17601146973572995,13.310002943995334
1,40.48156054816627,0.20820295256316335,18.319700405797537
0,31.802198897218226,0.16503209749243458,13.384452285551106
0,142.81692657827082,0.19226430739951592,15.52704414860061
4,16.622988162208582,0.09066294581897058,26.21493770834724
2,121.77678855111228,0.14390909436480126,18.258188008491512
3,350.95963352751517,0.21120273909278897,24.875744380115258
1,185.23918469766411,0.20819978455507218,22.860027953489823
0,300.26529974484396,0.15135090619869146,14.77114254920904
3,47.18207025182066,0.1882814269946528,16.707862851545755
4,97.84875557954227,0.0849976362041446,26.551726178051922
6,345.48945225856323,0.20080870740698176,37.00455606721931
0,139.9964423809186,0.15737511042695615,17.365589938263824
0,236.66823688363766,0.553646045644835,24.479002926230585
5,356.2862743943451,0.059354161645787974,26.807975730090078
3,201.03753106071846,0.26936896676327227,23.754821765771716
4,111.45127146848861,0.25381453174057356,26.99637842936854
2,194.16118642250274,0.028937904177507186,15.673711142423581
4,19.942577755763647,0.18214336251273036,25.3271642515323
1,41.01500404383228,0.3288404624715827,18.674155747440835
4,2.6174533440785215,0.20463976627881147,25.109532067111342
1,322.73666517122655,0.37296034197351285,27.065864698560834
2,245.01735654835238,0.2746986001668223,26.8294163977439
3,108.89036427345306,0.1586318278053367,24.5868391651508
2,80.72391801066617,0.0134968908904319,15.86621129657466
3,249.32295942258966,0.28609727505936944,29.189458402129727
1,335.6292036466281,0.27581025498401157,25.574718685365323
2,109.1857682340204,0.5015865051114992,20.430361044741797
3,117.36907492617534,0.3658699600457166,29.65316287708489
3,311.7978646957271,0.13039446920557085,26.989264970495068
1,326.08217279756957,0.2867017746438688,26.59117643188141
4,333.62334689286917,0.2286092330502479,27.84133927862105
1,107.0012859224436,0.11169154751854507,15.982382917091867
3,43.914087172667344,0.1703925241912748,18.76713264386901
2,160.59911377946784,0.25152721098690395,25.727857834952964
1,107.95417577653109,0.12217893506192344,12.94840205809457
1,322.61133338632004,0.288720453716427,22.08503162314619
1,13.37175375829388,0.17756090040976485,18.010375918382003
2,231.3663714172394,0.37335640577190177,25.57968835272298
2,330.75619849806156,0.16522613403308856,22.29970081428891
3,356.48468388421406,0.05585212084924727,28.550672564563644
0,237.29766874378575,0.20631165869036355,21.71532181845859
1,346.7218793131687,0.2853183513251425,27.449677366051795
1,27.61570385814956,0.13707772382706418,18.408536437438688
4,131.13659628862752,0.22734612126977416,26.929608756893412
1,3.1808645242577964,0.07851590597391199,13.559414439040506
2,358.13207684964874,0.14420525945305468,23.246708149906315
1,329.49516474984523,0.10892483270923468,21.826049868684148
1,10.239183030593495,0.18866977562282206,14.988819078902178
4,6.618417417814581,0.21506479080314922,23.564595128244644
0,133.94386534882364,0.47599324652992636,23.9984435395237
1,94.36635787867915,0.04515683100037776,18.866659929624465
2,309.1302811935133,0.4891450781399941,32.649433027620425
4,58.576807194229744,0.14219623787856636,29.682800972940758
1,288.5870538858129,0.11724564186375558,18.558730019825
2,202.3777904965921,0.3340218483585038,20.548090707832646
2,137.74799656282056,0.43031415949754276,28.93544094947347
1,53.18771303268324,0.43413961726588723,20.148115756664158
2,364.15732667527993,0.4668438742135172,31.265791166663373
1,225.5649341363609,0.03781316477703211,12.477079030293005
1,160.3745148873179,0.25220762617897996,18.18011589237797
4,135.46155814174705,0.2145017769073227,22.921588005058332
1,330.5908041802622,0.3005735220071583,23.970663494491077
0,299.73500998962777,0.16907013036768265,18.19244832549736
1,296.0828127544017,0.2684181145697488,24.19410883841251
3,224.9124426312734,0.09751572942639232,27.81400592835843
2,324.10415268396764,0.28185099174320777,29.431672674980174
3,109.23660582455571,0.010872642098069794,15.051985012968174
2,256.8527393346006,0.10842067341309448,24.237935235205562
1,147.62342597304078,0.08291793366928377,17.487550252005512
2,218.9995651242876,0.2391981144290029,24.10967240938652
3,364.3258452236329,0.04207926507106153,25.623122513688802
1,359.3515449464912,0.06940177163319163,21.723424501669015
3,187.1059410106186,0.10556179656210142,21.436037073256855
2,209.46016004016099,0.2670006025374013,24.249163281514726
4,327.52244573511484,0.2252465536391382,35.05769046643884
2,359.75703506755707,0.22512243740670393,24.810994533615325
3,284.19184795851913,0.17594598967747843,23.87701180871088
4,23.792327154900207,0.4438353368842336,30.05510191092959
5,117.76350303551034,0.1533913038110347,24.914875026189442
1,327.2452540709124,0.3609079855117655,21.27516942004643
0,280.4486646354254,0.11146765750076579,16.804924911499377
6,270.9150709239159,0.223304102867967,39.900161438133324
0,243.79197912087147,0.12992143022398817,17.358455899266517
1,151.57130511581997,0.3176339185770465,22.578652716490488
0,147.18308192581614,0.2723602183129935,12.000420930322816
1,295.26035797064236,0.40214890073535514,27.96363610181047
4,107.22980649425088,0.09109330449217781,24.428746412642305
3,249.9636335358553,0.14042418060791118,23.523648069669132
0,265.06611104974417,0.10366148075380419,17.91470325027809
2,308.262936116958,0.04270040706109741,22.572332122096086
1,116.75824060806073,0.06460692957294734,12.981143083332828
0,270.7895823959438,0.1957518425986309,20.326389680231223
4,38.86881261622071,0.11718065842993503,26.946757005364454
2,50.39253106744522,0.20925102861383732,19.718297795818938
4,152.32765466329155,0.1402616370771077,23.529526501650878
0,20.15740836966526,0.10335811855266193,11.937570329041359
1,345.9098873348485,0.21383390549151088,26.36563239446623
3,329.1919708359166,0.11423373687724399,22.860908241687262
0,17.860798866932747,0.10907187252884983,14.274328204268194
0,305.98377849068174,0.05307859452377203,15.147204084727637
0,185.73907354285924,0.10863978065103103,16.613766328017018
4,256.21645425634574,0.2365408121010438,28.63523312621319
1,323.72987679383834,0.24022659832025026,22.198191936197215
3,210.59568778335998,0.230273687019522,31.232082775292067
1,42.45939160388975,0.33981064978020487,16.08804638097152
1,0.9411928276039822,0.0322610753874368,14.636274434631167
0,181.37635927177797,0.13554585105636574,21.532417439326732
2,346.4697282253914,0.08071745223158552,25.681026840789592
2,209.0069831388165,0.10507330880500833,17.39338809056396
2,136.12278540220365,0.02213544701516186,14.342558568616258
1,11.286536234533374,0.09903944102102065,12.501163135682386
0,333.9674873065431,0.17198520565422826,20.59277759377505
2,119.41218121318539,0.210271967262816,22.48178301905
2,257.2437514800101,0.2682537883611906,21.963114922286124
0,253.3965787706847,0.10181629631043762,14.485985126281548
4,92.66735389959298,0.33838854545784164,26.863447617124315
2,23.278789858164746,0.42544229202351735,23.85762350531248
1,140.5251382152229,0.44971377319412514,30.48372148665725
5,115.75282005057795,0.4029134590556297,31.081048032892888
2,255.59358558839892,0.17559247710137327,20.86844023148945
1,299.22061091584123,0.15220786361491678,18.20525253699109
3,81.19257734796126,0.06165850524309357,22.35614312341243
0,192.80434046840145,0.26570085094717,19.046079039246123
1,14.822046796679006,0.19394813229900798,14.08369800355337
0,78.2033753707136,0.3790061792465687,18.05580434101065
2,278.04298594256034,0.10741940255031772,20.44213626953477
0,289.59038697851145,0.21173533169666256,20.914188217071217
1,283.38762915990816,0.15813055326987252,29.462558745619557
0,51.971592620718596,0.15203378085101737,15.73270068651143
1,201.1276755259723,0.4745923468999831,25.97273107664701
2,154.28857127183477,0.06694080391051178,17.496601845093586
1,361.892498330208,0.14453760817049283,18.670670688444716
2,238.73550220629267,0.15592901031717793,25.250288454995697
1,341.34876335944114,0.21090419472551677,25.688573794160874
1,53.05286132807972,0.07809344991164179,13.763669959677832
0,164.5687446815836,0.28182208486583055,22.567818539776137
4,281.63677403864205,0.15015095628097835,28.999377335609616
5,134.26807073109697,0.31965801579561043,34.701948976208584
1,230.86560109608104,0.056079172699131444,19.15552606835285
1,186.77129291638613,0.015932780957617333,16.030640228325964
0,362.0542343645672,0.14993994883475,17.375229830063883
3,63.46347712390438,0.21641193871114991,22.9855164476798
4,341.4022737954966,0.06780249272781613,30.845852322606426
3,146.57339813820332,0.28667687011214116,25.070615334476823
2,170.8174327277125,0.27954466597656347,25.606010826871614
3,192.93968754684232,0.08328748934122183,19.901267125701104
1,96.85879054325665,0.1397301211822002,19.64181830349131
3,351.73496655293945,0.07115511485367985,27.003358309882792
3,332.69282991069815,0.2563724537019466,26.059532076296314
2,355.1103615771474,0.046043236973215954,22.39707163741565
1,363.8756438564759,0.04665760326354804,23.52831647198736
0,244.4770347410548,0.08461470029603899,12.804737078782203
2,164.86520596909682,0.18106270424251847,18.88677019260002
3,310.51787404615123,0.0687052082721526,24.979028594414824
1,8.688780410263574,0.266969996988831,24.54665273777289
1,304.55747632042875,0.2644583169948842,21.994810772685206
1,181.50939883701741,0.41255845546477504,26.07345831252472
0,245.72530988544747,0.13405395480589344,18.375991516630872
1,136.5268123900153,0.11194832088588592,15.756917125164337
3,134.54745116138778,0.4032494214786007,29.344211640372297
1,11.576760775974016,0.03537410920046653,12.11320046784418
2,154.68314210658986,0.089204489389525,18.89354274896229
1,149.04928132805546,0.36542045807668816,17.98828930881382
1,82.04875218184601,0.18211239029756573,17.800970340138054
1,90.27299484201512,0.1331329618450551,19.731966134531582
2,213.21094686151676,0.06389000246014685,20.778186313232478
4,115.98657652691863,0.11206763498015539,28.05674278256908
1,303.04194679131075,0.07598886839007964,21.859593075657898
3,40.655564002829266,0.30934106000711725,24.785320151218944
1,210.84040549989092,0.1682366985769275,18.281883771804374
0,58.416325405772355,0.14297190301737206,12.568973422378676
1,192.80782882604043,0.23045375437189528,16.668927119333297
0,201.67924873686633,0.08333962849559404,14.899140874354229
5,234.43865558189114,0.174611429523795,31.555526551615667
3,156.0101057546062,0.15094547735096794,29.011793171535636
1,185.95826007217786,0.25480604225274317,23.027650037461424
1,66.04770486967206,0.1790635883268962,14.897195717680882
1,169.00060265376032,0.21162389216473576,15.900197015895873
0,136.15609201941604,0.42746610422568027,20.65278766328821
3,243.13785319885955,0.007864128701339498,24.96712917153924
1,158.7099290762174,0.04492663590551425,15.933345607504226
0,284.4597026077804,0.08778404400894432,19.07082745735128
1,155.48711597939763,0.041958387960819646,15.92651292502819
1,86.05647813549491,0.09519833469293836,18.323696728061933
0,99.89638241988338,0.023250891404400263,7.671171408368688
2,16.52910715844735,0.08971210891214196,22.02708279076223
1,197.07036586933216,0.33524686153563765,19.976517634196085
2,303.27152262361744,0.07587558841389487,25.04001479835347
0,280.7257729884131,0.22927821697279238,19.38352781521725
4,159.79315521354206,0.34527163155305307,30.444355297337307
5,71.58392962774695,0.1900636564852475,27.48480514556256
3,315.17182180357025,0.04478221302920624,25.533067771353817
2,20.725077426449968,0.2776571612489145,22.617875564598886
1,145.71629469891033,0.06737425768970069,19.970582712086276
1,312.66452697014216,0.12751441084117426,25.591182609439052
4,143.5094909025317,0.395941291940607,32.5763628810741
2,43.02454682629037,0.04164809796517448,21.876123711299385
3,97.07156762621558,0.2666058106718951,25.45237391043749
2,219.01074623617615,0.16685618351098203,26.11651586521292
2,55.49310630851837,0.16789983978500553,20.921917780373924
1,239.05139429745986,0.10924727054340803,17.87298303781296
3,159.9291048877247,0.37536893520462955,29.31271666779356
3,122.05216779949049,0.19701077103166229,25.686290565697924
2,87.93780039095482,0.3170923406253797,23.321100766744244
1,300.51544483769896,0.0447484419862145,20.666221511464045
5,144.78599082414158,0.00788146610747544,28.16914168188171
5,269.5449319462731,0.3031054543477644,34.640651935762484
3,160.72964531264532,0.18919012254191808,15.950517534856704
3,33.53152321367449,0.048128376391343895,24.240201011167496
2,160.78468093605005,0.24028077375974088,22.368815577014573
1,185.30603960355384,0.36229315353139263,21.16328977696773
2,167.11240062508256,0.14178021576149946,17.94730165653469
1,297.92822478811945,0.30835143050350927,23.770431114083394
2,332.4607424007057,0.3296061496550243,26.88270049681868
3,287.1742164520274,0.11785219091249258,23.566278042005067
2,212.71539430700028,0.3467209787932028,24.489069631263543
5,197.62923560253512,0.1690544826947413,31.845539044861848
2,235.2848509951355,0.3224266598246449,32.56774719922956
2,105.0580582003717,0.46359993555235973,29.298474604651688
2,296.32409884427005,0.07842492944996507,25.94120004959838
3,312.7495848253362,0.12705264786442316,25.35439353125161
2,97.53426456136815,0.4759450714614702,27.259527888569973
1,329.52864597112836,0.16317050089204785,23.71501540040041
1,309.7874442569586,0.21536378033524958,21.13203270108348
3,154.93767013111625,0.1886336788380209,23.377187285992424
1,331.78507376385215,0.0849082208657372,23.439975878023887
4,43.96023274120047,0.34115801310608174,31.65555920845813
1,10.215094111248632,0.23368550026449106,17.697085446192816
3,126.97139134182984,0.19101026681324557,20.5606770209852
2,206.38403007198093,0.060435251648651066,19.510044936408317
0,128.27655430449616,0.08650963195623664,9.97173032169704
0,343.85472279004625,0.14724904330348532,20.047682551374812
2,92.96923360512795,0.3737095219150843,25.47349396613359
2,102.64288866132782,0.4237897186832164,25.140310602460772
3,231.7120785788721,0.14615697104786166,26.00175011625608
3,1.4103170547234938,0.0402205776292332,19.643652477374502
4,265.5583241094287,0.22389332879771076,31.007405844459587
4,137.77636132900238,0.16111082385946374,22.69537447459746
2,356.8779716898031,0.28810573009448437,27.42798678924215
4,252.36742145585825,0.3387260580020904,33.72885063996196
2,19.058458605055225,0.08561781654362244,21.91527863343517
2,33.809150190820375,0.04851552976027083,15.879231878066001
4,32.181359027317875,0.28208704499986414,28.502062771887697
4,347.7071248605595,0.24091067297850166,34.888633038509695
0,249.67881254441951,0.172249518106375,17.848683517898213
2,156.07619266046154,0.034806009621667806,22.297673297726277
2,73.17618180621133,0.1304198891323422,22.8088628021961
5,318.8785074490682,0.09908605648049106,35.248160621975984
0,73.56791360003926,0.09831491144715925,14.812953007900564
4,257.9379140136734,0.09334018882301015,34.2926541833523
1,278.6133919640513,0.2214948786982443,20.76706351430201
2,107.54947243222402,0.03389025291207676,24.23491751833491
3,184.29387906728442,0.21805751867964332,28.17901269893332
2,81.39108804621377,0.07542754330092902,22.23296216932394
1,138.3093249712568,0.1354553951511071,17.082908836397696
3,352.27405537220324,0.3333858476097547,34.24670093994508
1,252.99538264886704,0.12363535016073571,24.37535482226551
1,309.014185259538,0.13026016032534773,18.088541060688772
2,197.31884358536047,0.12574754777577468,21.097096529552218
2,87.249505885245,0.30274591265652323,16.67889621879833
0,260.2011476835257,0.08160314264823115,16.301086876087666
1,182.70730568855674,0.19546306599932578,17.713114386377054
2,64.54983685907642,0.09570889530553157,17.647580474697488
1,150.53690971064674,0.07910833705253033,25.903389176603785
3,231.71667994095168,0.040303142677766045,28.1542616867826
1,268.39612768901696,0.11889909313176299,15.987011352879584
0,88.77559049997838,0.045416460073889935,14.35105591627558
4,319.73902886250585,0.097527358666014,30.93717572908014
2,138.53615408225747,0.03125771051309093,17.413443742306292
1,98.96490203085317,0.20474333159671845,19.21145914782544
2,71.21882024060955,0.21377243200224802,21.74154409910439
3,293.52253705708534,0.16570797990308006,22.893338190472345
1,129.2700698626128,0.034796523685741675,12.704742070551514
1,176.44064517909615,0.1594694872770141,19.814827548083684
2,81.32923560081461,0.02971533353484649,17.54881430019337
1,250.42324097666,0.06799007767264464,16.77657326557061
4,285.07719375663413,0.2895094102901543,29.687622481954545
4,123.89021586796967,0.10020535669079411,24.412984415543246
3,344.95397566056175,0.15199637913540986,30.325454523572365
6,11.172872489486172,0.374971092287747,33.618335259567296
1,48.52423269502473,0.01724696541962821,18.69223993690982
0,214.90726651957917,0.33393319669960303,18.889347621395963
3,256.0135046476586,0.2995610487670494,29.64016204580921
4,91.49929117080653,0.37925513889547274,29.110712591804514
1,202.2359503653422,0.12276311622191226,20.825245729095375
0,116.21098017062664,0.3829671893384766,17.63879974350648
1,202.24257465188043,0.054387097316644706,23.44198025001009
0,240.65460238395215,0.2581953438639013,14.90516171572905
1,355.074939552706,0.2298803344289749,29.46048636588884
1,166.32935390773204,0.005891689078064538,16.217332111581463
2,236.5988546990539,0.0896747292625657,23.2724201537357
0,210.98432549077515,0.22723687685598376,22.767998756211053
2,115.90753626896414,0.26880371254994423,25.536013174426316
0,92.36840806966792,0.5975418172441319,21.608123842896813
1,360.57281343682416,0.3451031875394502,28.586340279083018
2,75.50111202105309,0.15413842258077487,25.349351032521184
2,288.4504724820964,0.041197558034916676,18.972283031892708
0,53.50439772257777,0.026948495244541897,17.964343392924327
1,293.5882133168565,0.21293964404094765,23.89413442708225
3,67.79088169118504,0.17317615817549448,21.279421718836062
2,353.0121750659009,0.151087785231858,22.553218837362273
3,250.3854946496988,0.33323399873373744,29.002379642544504
0,32.89315894167754,0.29583334097685576,10.708695005159178
3,253.00964860253896,0.020983399316930888,21.765602650188427
2,220.32157841526643,0.20323412186455392,22.885566395894127
1,123.20438004329485,0.24544369498391566,16.77244240069891
0,95.16863918120085,0.06170639706192698,15.381036309575634
0,262.34768533807556,0.012596006678743521,14.84257497696822
4,270.596901126701,0.32700662203070396,30.698700073366222
2,119.43013486767585,0.302615680123846,22.76753017474865
4,319.82289545641885,0.1125334587275092,29.937516421081117
1,98.12193489429932,0.07439909754884277,16.207283829038246
3,25.500515480806023,0.21889480661762462,20.613323387632317
1,218.9517633620662,0.1475502340543775,20.280775487477396
2,39.08075908353989,0.17419713708186246,19.28772718769114
3,100.98238345726712,0.027597853983960367,16.694608860354055
2,185.12303346267984,0.046292056051367145,18.809079765810527
4,104.52126216041363,0.14587682622420076,27.037730231403355
1,78.4736649833162,0.16409572571186978,19.14985045644918
4,256.66267644056387,0.34933438175361453,32.128716930180616
0,199.65475961183787,0.10823928687907118,18.188199314176114
3,306.5128556113524,0.035353393518357416,21.450488581917867
1,212.15245204924932,0.14953364688505963,16.961525287548728
2,176.4582322974291,0.24297575918519573,22.87789069895665
2,95.3585683379377,0.12874121128802088,24.103435212068597
2,289.10404440832355,0.45033600723992245,30.72889191981946
2,71.85791812599405,0.5160079178758185,26.447227208914754
1,88.4133700052035,0.3840026461199882,26.772735649183765
2,307.17983781487055,0.34757869971007943,27.581934144598467
5,270.53527189116204,0.3125644312445043,41.64760485268257
2,223.698823477525,0.30953939463372204,24.440454385996425
2,14.2059937370993,0.08659858294255217,14.06750392878168
2,46.449030673925165,0.12800419224993365,18.117982726171483
4,182.48447296847752,0.21839609943646177,27.707150864460658
1,272.4137070712552,0.2644343770486564,20.946018941874712
3,169.3968154300155,0.3165874704951222,35.50048915872075
1,6.311953911395827,0.24377940002575535,18.579596482171652
0,67.25854951338992,0.15769785370307213,15.891876785343992
0,214.89984536137962,0.1089806660959581,15.09197242773599
0,253.38922678611684,0.19271525909965714,17.18908156348009
3,12.2013341398451,0.13615101133323856,23.747948493614633
0,15.816090013082622,0.10564059719457922,7.401608426383954
3,95.37819214157248,0.12713133152277073,18.71229405219992
0,30.478118816096202,0.07930619247205631,11.453760708940386
3,197.81037475057812,0.14110408791162696,28.543087302014474
0,45.15122341418837,0.23006014441472347,14.380676437669816
3,236.6000572390192,0.11274843696883183,25.904547211432856
4,283.68724154726925,0.4261072281140712,35.13128988761922
2,354.23858226951893,0.24312285889106802,31.07912692091323
3,346.1685409977657,0.30788514082223895,26.288732292994688
3,99.77827983587653,0.21216866637030993,26.265081534847525
2,10.734504957458082,0.0660486369011143,16.00501468484477
3,120.2354588807953,0.17729821309816707,26.49127334098472
3,258.5952433301184,0.35516710242259947,27.850151250387313
4,21.827441384476842,0.08837544186962246,22.45398775840975
1,131.29512005007146,0.05650701716741569,15.976776120195396
1,108.78260985462103,0.15381863925279898,14.821627887813559
2,80.0611570739265,0.11914882830591984,15.262109497061958
5,257.73772547656506,0.2279003912528502,31.041279227131007
1,240.57040683389653,0.15659719046279275,20.911443928150177
1,195.45534432253532,0.3478565246204071,21.26942896825557
1,332.4327434837831,0.03140751607651253,18.80228826016071
1,37.645681246549444,0.37953796410363494,15.37604982560479
0,54.63656693451775,0.11604917330369763,12.301765043313118
4,139.95913291508577,0.17288836766368582,29.673486686777828
2,239.3969489299587,0.1764537827511221,25.60900939428299
4,213.18894166957543,0.060773830056499285,25.340037283553063
2,27.02558092579517,0.19969936387021342,20.465156434832874
1,349.8250533674606,0.1750474034613755,20.600191651524945
6,111.3486580084079,0.2227482481897953,37.22349891840766
1,131.02500403082925,0.11750100327238817,23.73255816724226
1,227.6248766508496,0.08423365027388122,19.273758255749478
3,344.9854138728031,0.033315050046468016,32.8880393616396
2,241.8812072726943,0.1568706891551906,21.09136150310686
1,348.492265284912,0.028954819775036833,16.310181390879638
1,68.47075836947482,0.7240182514417662,26.58291805966335
0,225.86562407512127,0.33254468412853544,20.509735368848162
2,302.54079553484394,0.1195700714994302,30.497987065793808
2,185.7939309130192,0.10437419062004047,20.064259239063354
1,132.19339167770926,0.20629983390660334,16.79404699022749
4,359.4368634616352,0.07651923117602122,26.17678377637286
1,51.46037924478108,0.47784995009612935,26.745197897996114
1,149.98927754795966,0.16013950460632342,21.774550640315926
2,318.781419684641,0.19420043029187287,23.99740287076132
0,328.67547247466115,0.15283431465756273,14.002843394413013
5,357.83946706931755,0.1499734659783024,29.6454116917703
2,322.96937117649924,0.17031227254644177,30.199676659503893
2,18.599314266405575,0.1075367335619658,19.6966813437778
1,339.36477236403323,0.20795740450776387,23.746806366364737
0,156.28102486347663,0.48793191485303417,28.490758313783388
1,237.84100342165243,0.19189752672139293,27.065698184656153
3,143.91069224599846,0.32838808884159726,27.330738949130414
2,296.98884796394526,0.05479220442717728,22.03769797065463
5,210.21053585780962,0.2234130250892854,29.984863735328886
5,308.62379453221155,0.2193403768556473,32.75382450744088
2,70.72658710508004,0.3962859695831609,20.27756217594762
3,67.51882958553932,0.18567694129555048,18.37127170101294
1,160.73753257844726,0.10920589610074756,12.785494914916566
2,1.7343139113053958,0.156264551822874,21.569252887264796
